FP	TP
0.2417537793	0.8936011136
0.2410027968	0.8931830561
0.2402896114	0.8927324106
0.2395322506	0.8923534588
0.238814813	0.8918376373
0.2379620143	0.891323678
0.2374123017	0.8910220062
0.2366568307	0.8904791833
0.2359559294	0.8900508838
0.2353584979	0.8896142046
